{
    "1920x1080": {
        "top": {
            "coordinates": [21, 21, 1899, 75],
            "priority": 1
        },
        "middle1": {
            "coordinates": [21, 243, 1899, 297],
            "priority": 2
        },
        "middle2": {
            "coordinates": [21, 513, 1899, 567],
            "priority": 3
        },
        "middle3": {
            "coordinates": [21, 783, 1899, 837],
            "priority": 4
        },
        "bottom": {
            "coordinates": [21, 1005, 1899, 1059],
            "priority": 5
        }
    },
    "1280x720": {
        "top": {
            "coordinates": [14, 14, 1266, 50],
            "priority": 1
        },
        "middle1": {
            "coordinates": [14, 162, 1266, 198],
            "priority": 2
        },
        "middle2": {
            "coordinates": [14, 342, 1266, 378],
            "priority": 3
        },
        "middle3": {
            "coordinates": [14, 522, 1266, 558],
            "priority": 4
        },
        "bottom": {
            "coordinates": [14, 670, 1266, 706],
            "priority": 5
        }
    },
    "854x480": {
        "top": {
            "coordinates": [9, 9, 845, 33],
            "priority": 1
        },
        "middle1": {
            "coordinates": [9, 108, 845, 132],
            "priority": 2
        },
        "middle2": {
            "coordinates": [9, 228, 845, 252],
            "priority": 3
        },
        "middle3": {
            "coordinates": [9, 348, 845, 372],
            "priority": 4
        },
        "bottom": {
            "coordinates": [9, 447, 845, 471],
            "priority": 5
        }
    },
    "640x360": {
        "top": {
            "coordinates": [7, 7, 633, 25],
            "priority": 1
        },
        "middle1": {
            "coordinates": [7, 81, 633, 99],
            "priority": 2
        },
        "middle2": {
            "coordinates": [7, 171, 633, 189],
            "priority": 3
        },
        "middle3": {
            "coordinates": [7, 261, 633, 279],
            "priority": 4
        },
        "bottom": {
            "coordinates": [7, 335, 633, 353],
            "priority": 5
        }
    }
}