{
  "bottom":        { "percentages": [0.1, 0.9, 0.9, 1.0], "priority": 5 },
  "above_1":       { "percentages": [0.1, 0.85, 0.9, 1.0], "priority": 5 },
  "above_2":       { "percentages": [0.1, 0.8, 0.9, 0.95], "priority": 5 },
  "above_3":       { "percentages": [0.1, 0.75, 0.9, 0.9], "priority": 5 },
  "middle3":       { "percentages": [0.1, 0.7, 0.9, 0.85], "priority": 4 },
  "between_m3_m2_1": { "percentages": [0.1, 0.65, 0.9, 0.8], "priority": 4 },
  "between_m3_m2_2": { "percentages": [0.1, 0.6, 0.9, 0.75], "priority": 4 },
  "middle2":       { "percentages": [0.1, 0.55, 0.9, 0.7], "priority": 3 }
}